Book Name,Author,Rating,Customer Rating,Price
My First Library: Boxset of 10 Board Books for Kids,Wonder House Books,4.5 out of 5 stars,"26,576",₹395.00
The Psychology of Money,Morgan Housel,4.6 out of 5 stars,"11,432",₹274.00
Atomic Habits: The life-changing million copy bestseller,James Clear,4.6 out of 5 stars,"21,265",₹445.00
Ikigai: The Japanese secret to a long and happy life,Héctor García,4.6 out of 5 stars,"16,434",₹308.00
My First Book of Pencil Control : Practice Pattern Writing (Full Color Pages): Patterns Practice book for kids (Pattern…,Wonder House Books,4.4 out of 5 stars,"6,510",₹89.00
Believe: What Life and Cricket Taught Me,Suresh Raina,4.6 out of 5 stars,9,₹263.00
Word Power Made Easy,Norman Lewis,4.4 out of 5 stars,"22,521",₹90.00
Rich Dad Poor Dad: What the Rich Teach Their Kids About Money That the Poor and Middle Class Do Not!,Robert T. Kiyosaki,4.6 out of 5 stars,"42,901",₹302.00
World’s Greatest Books For Personal Growth & Wealth (Set of 4 Books): Perfect Motivational Gift Set,Dale Carnegie,4.5 out of 5 stars,"7,761",₹295.00
The Alchemist,Paulo Coelho,4.6 out of 5 stars,"57,207",₹197.00
Karma: A Yogi's Guide to Crafting Your Destiny,Sadhguru,4.7 out of 5 stars,"1,493",₹218.00
Quantitative Aptitude for Competitive Examinations,R S Aggarwal,4.4 out of 5 stars,"13,374",₹460.00
Sach Kahun Toh: An Autobiography,Neena Gupta,5.0 out of 5 stars,3,₹381.00
Indian Polity - For Civil Services and Other State Examinations | 6th Edition,M. Laxmikanth,4.6 out of 5 stars,"10,427",₹614.00
"Grandma's Bag of Stories: Collection of 20+ Illustrated short stories, traditional Indian folk tales for all ages for…",Sudha Murty,4.6 out of 5 stars,"6,273",₹235.00
Picture Books Collection for Early Learning (Set of 12),E C Axus,4.3 out of 5 stars,"6,945",₹229.00
101 Panchatantra Stories for Children: Colourful Illustrated Stories,Om Books Editorial Team,4.5 out of 5 stars,"1,708",₹135.00
Objective NCERT at your FINGERTIPS for NEET-AIIMS - Biology,MTG Editorial Board,4.6 out of 5 stars,"2,140",₹539.00
The Blue Umbrella,Ruskin Bond,4.5 out of 5 stars,"5,389",₹69.00
Very First Sight Words Sentences Level - 1,Dreamland Publications,4.5 out of 5 stars,"3,975",₹140.00
As a Man Thinketh,James Allen,4.4 out of 5 stars,"2,573",₹59.00
Oxford Student Atlas for India - Third Edition,Oxford University Press,4.6 out of 5 stars,"6,688",₹223.00
The Monk Who Sold His Ferrari,Robin Sharma,4.5 out of 5 stars,"14,554",₹153.00
Great Stories for Children,Ruskin Bond,4.5 out of 5 stars,"4,814",₹141.00
Moral Story Books for Kids (Pack of 10 Books) | 160 Total Pages | Illustrated Stories,Young Angels Publishing,4.3 out of 5 stars,776,₹225.00
Sapiens: A Brief History of Humankind,Yuval Noah Harari,4.7 out of 5 stars,"34,509",₹345.00
Colour with Crayons Part - 1,Dreamland Publications,4.2 out of 5 stars,"2,730",₹56.00
Man's Search For Meaning: The classic tribute to hope from the Holocaust,Viktor E Frankl,4.5 out of 5 stars,"32,319",₹180.00
Lines and Curves (Pattern Writing) - Part 1,Dreamland Publications,4.4 out of 5 stars,"3,147",₹65.00
The Subtle Art of Not Giving a F*ck: A Counterintuitive Approach to Living a Good Life,Mark Manson,4.5 out of 5 stars,"49,394",₹323.00
The Intelligent Investor (English) Paperback – 2013,Benjamin Graham,4.5 out of 5 stars,"24,944",₹494.00
Pathfinder NDA/NA National Defence Academy & Naval Academy Entrance Examination,Arihant Experts,4.5 out of 5 stars,"1,058",₹519.00
Attitude Is Everything: Change Your Attitude ... Change Your Life!,Jeff Keller,4.5 out of 5 stars,"9,917",₹161.00
One Arranged Murder,Chetan Bhagat,4.3 out of 5 stars,"10,553",₹144.00
My Activity- ABC Writing Book,Dreamland Publications,4.4 out of 5 stars,"1,353",₹65.00
Pride & Prejudice,Jane Austen,4.5 out of 5 stars,"21,044",₹99.00
General Knowledge,Dr. Binay Karna,4.4 out of 5 stars,"12,431",₹167.00
Think Like a Monk: The secret of how to harness the power of positivity and be happy now,Jay Shetty,4.7 out of 5 stars,"14,718",₹299.00
Life's Amazing Secrets: How to Find Balance and Purpose in Your Life,Gaur Gopal Das,4.6 out of 5 stars,"8,492",₹183.00
The Richest Man in Babylon,George S. Clason,4.5 out of 5 stars,"18,831",₹97.00
Wuthering Heights,Emily Brontë,4.5 out of 5 stars,"11,862",₹97.00
Activity Books Collection for Early Learning by InIkao : Set of 8 Activity Books for Kindergarten kids,InIkao,4.3 out of 5 stars,475,₹99.00
"The Magic of the Lost Temple: Illustrated, easy to read and much-loved first full length children’s fiction novel by…",Sudha Murty,4.7 out of 5 stars,"2,869",₹144.00
How to Prepare for QUANTITATIVE APTITUDE for CAT | 9th Edition,Arun Sharma,4.6 out of 5 stars,9,₹808.00
"The Silent Patient: The record-breaking, multimillion copy Sunday Times bestselling thriller and Richard & Judy book…",Alex Michaelides,4.5 out of 5 stars,"72,488",₹294.00
Best of Children’s Classics (Set of 5 Books): Perfect Gift Set for Kids,Antoine de Saint-Exupéry,4.4 out of 5 stars,829,₹499.00
A Modern Approach to Verbal & Non-Verbal Reasoning (2 Colour Edition),R.S. Aggarwal,4.4 out of 5 stars,"5,851",₹540.00
26 Years UPSC IAS/ IPS Prelims Topic-wise Solved Papers 1 & 2 (1995 - 2020) 11th Edition,Mrunal Patel,4.5 out of 5 stars,"2,678",₹326.00
Apke Avchetan Man Ki Shakti (The Power of your Subconscious Mind in Hindi),Joseph Murphy,4.4 out of 5 stars,"3,387",₹97.00
The Power of your Subconscious Mind,Joseph Murphy,4.5 out of 5 stars,"33,830",₹149.00
101 Brain Booster Activity Book: Fun Activity Book For Children,Wonder House Books,4.4 out of 5 stars,"1,481",₹189.00
A Brief History of Modern India - 2020-21/edition,Rajiv Ahir,4.4 out of 5 stars,659,₹274.00
How to Win Friends and Influence People,Dale Carnegie,4.5 out of 5 stars,"50,170",₹95.00
1001 Activities Book,Dreamland Publications,4.5 out of 5 stars,"4,736",₹315.00
Certificate Physical And Human Geography; Indian Edition,Goh Cheng Leong,4.5 out of 5 stars,"6,690",₹325.00
Objective NCERT at your Fingertips for NEET-AIIMS - Chemistry,MTG Editorial Board,4.5 out of 5 stars,"1,788",₹419.00
Mandala: Colouring Books for Adults with Tear Out Sheets (Adult Colouring Book),Wonder House Books,4.5 out of 5 stars,"1,386",₹125.00
Mathematics for Class 10 by R D Sharma (Examination 2021-22),R.D. Sharma,4.6 out of 5 stars,"2,097",₹432.00
Wren & Martin High School English Grammar and Composition Book (Regular Edition),Rao N,4.5 out of 5 stars,"4,849",₹264.00
My Activity- ABC Colouring Book,Dreamland Publications,4.4 out of 5 stars,"1,871",₹78.00
505 Activities for Kids,Dreamland Publications,4.4 out of 5 stars,"3,593",₹193.00
A Man Called Ove: The life-affirming bestseller that will brighten your day,Fredrik Backman,4.6 out of 5 stars,"27,406",₹257.00
My First Complete Learning Library: Boxset of 20 Board Books Gift Set for Kids (Horizontal Design),Wonder House Books,4.6 out of 5 stars,"5,117",₹790.00
"The Boy, The Mole, The Fox and The Horse",Charlie Mackesy,4.8 out of 5 stars,"76,457",₹619.00
"NCERT BOOK , Hornbill Textbook in English ,Snapshots Supplementary Reader in English for Class-XI (Core Course) ,[COMBO…",NCERT,4.3 out of 5 stars,149,₹70.00
India & World Map ( Both Political & Physical ) with Constitution of India Chart & History of India Chart | NON…,Vidya Chitr Prakashan,4.6 out of 5 stars,382,₹160.00
"The 5 AM Club: Own Your Morning, Elevate Your Life",Robin Sharma,4.4 out of 5 stars,"12,889",₹244.00
Mahatma Gandhi Autobiography: The Story Of My Experiments With Truth,Mahatma Gandhi,4.5 out of 5 stars,"3,271",₹97.00
CBSE All In One English Core Class 12 for 2022 Exam,Nandini Sharma Srishti Agarwal,-1,0,₹380.00
"Thinking, Fast and Slow (Penguin Press Non-Fiction)",Daniel Kahneman,4.4 out of 5 stars,"19,369",₹359.00
The Diary of a Young Girl,Anne Frank,4.6 out of 5 stars,"3,084",₹97.00
All In One - Writing Book (Practice),Maple Press,4.4 out of 5 stars,"1,548",₹133.00
Harry Potter and the Philosopher's Stone,J.K. Rowling,4.7 out of 5 stars,"28,571",₹282.00
Mathematics for Class 9 by R D Sharma (Examination 2021-22),R.D. Sharma,4.6 out of 5 stars,"1,458",₹413.00
Mandala Art: Colouring Books for Adults with Tear Out Sheets (Adult Colouring Book),Wonder House Books,4.6 out of 5 stars,"1,436",₹129.00
"My First Mythology Tale (Illustrated) (Set of 5 Books) - Mahabharata, Krishna, Hanuman, Ganesha, Ramayana - Story Book…",Maple Press,4.4 out of 5 stars,593,₹151.00
Metamorphosis,Franz Kafka,4.5 out of 5 stars,"3,456",₹69.00
"Environment - 8/edition, 2021",Shankar,3.9 out of 5 stars,16,₹189.00
Mathematics for Class 11 (set of 2 volumes) Examination 2021-22: Vol. 2,R.D. Sharma,4.6 out of 5 stars,"1,019",₹630.00
"Brain Games for Clever Kids: Puzzles to Exercise Your Mind (Buster Brain Games, 1)",Gareth Moore,4.3 out of 5 stars,"4,968",₹199.00
To Kill A Mockingbird: 50th Anniversary Edition: 60th Anniversary Edition,Harper Lee,4.5 out of 5 stars,"40,594",₹226.00
"Three Thousand Stitches: Ordinary People, Extraordinary Lives",Sudha Murty,4.6 out of 5 stars,"3,662",₹181.00
The Theory of Everything: The Origin and Fate of the Universe,Stephen Hawking,4.6 out of 5 stars,"6,243",₹155.00
Manorama English Yearbook 2021,Mammen Mathew,4.5 out of 5 stars,"1,449",₹269.00
Peppa Pig: Little Library,Peppa Pig,4.3 out of 5 stars,"14,049",₹198.00
My First All in One: Bilingual Picture Book for Kids Hindi-English,Wonder House Books,4.4 out of 5 stars,947,₹99.00
365 Colouring Book,Dreamland Publications,4.5 out of 5 stars,"2,145",₹199.00
How to Prepare for Verbal Ability and Reading Comprehension for CAT | 9th Edition,Arun Sharma,4.5 out of 5 stars,923,₹643.00
Who Will Cry When You Die?,Robin Sharma,4.5 out of 5 stars,"9,337",₹145.00
Death; An Inside Story: A book for all those who shall die,Sadhguru,4.7 out of 5 stars,"5,291",₹200.00
"Tuesdays With Morrie: An old man, a young man, and life's greatest lesson",Mitch Albom,4.6 out of 5 stars,"10,457",₹203.00
Think & Grow Rich,Napoleon Hill,4.5 out of 5 stars,"50,332",₹99.00
Writing 123 (1-20) (Pre-School Picture Books),Dreamland Publications,4.4 out of 5 stars,"1,479",₹58.00
"INDIAN ECONOMY For Civil Services, Universities and Other Examinations | 13th Edition",RAMESH SINGH,4.5 out of 5 stars,28,₹592.00
Deep Work: Rules for Focused Success in a Distracted World,Cal Newport,4.4 out of 5 stars,"6,974",₹230.00
Brilliant Brain Activity Book 3+,Dreamland Publications,4.6 out of 5 stars,"1,036",₹161.00
Concept of Physics Part-1 & 2 (2020-2021 Session),H C Verma,4.6 out of 5 stars,62,₹860.00
Rich Dad Poor Dad - 20th Anniversary Edition (Hindi),Robert T. Kiyosaki,4.6 out of 5 stars,"5,686",₹219.00
A Brief History of Modern India (2019-2020 Edition) by Spectrum Books,Spectrum Books Pvt.Ltd.,4.5 out of 5 stars,"6,594",₹379.00
Think and Grow Rich,Napoleon Hill,4.5 out of 5 stars,"50,332",₹139.00
